Solution-size,Classification-error
6,0.043158
5,0.048421
4,0.083158
3,0.13158
2,0.21579
1,0.34947
1,0.54947
1,0.59053
1,0.63263
