Solution-size,Classification-error
14,0.096923
9,0.10077
6,0.10462
5,0.12385
4,0.15
2,0.21692
2,0.27846
1,0.35308
